---
displayed_sidebar: English
---

# array_contains_seq

## 説明

`array2` のすべての要素が `array1` にまったく同じ順序で出現するかどうかをチェックします。したがって、この関数は `array1 = prefix + array2 + suffix` の場合にのみ `1` を返します。

## 構文

~~~Haskell
BOOLEAN array_contains_seq(arr1, arr2)
~~~

## パラメーター

`arr`: 比較する2つの配列。この構文は、`arr2` が `arr1` のサブセットであり、かつ完全に同じ順序であるかどうかをチェックします。

2つの配列の要素のデータ型は同じでなければなりません。StarRocksでサポートされている配列要素のデータ型については、[ARRAY](../../../sql-reference/sql-statements/data-types/Array.md)を参照してください。

## 戻り値

BOOLEAN型の値を返します。

`arr2` が `arr1` のサブセットである場合、`1` が返されます。それ以外の場合は、`0` が返されます。
NULLは値として処理されます。つまり、`array_contains_seq([1, 2, NULL, 3, 4], [2,3])` は `0` を返しますが、`array_contains_seq([1, 2, NULL, 3, 4], [2,NULL,3])` は `1` を返します。
配列の値の順序が重要です。

## 例

BOOLEAN型の値を返します。

```Plaintext
MySQL [(none)]> select array_contains_seq([1,2,3,4], [1,2,3]);
+---------------------------------------------+
| array_contains_seq([1, 2, 3, 4], [1, 2, 3]) |
+---------------------------------------------+
|                                           1 |
+---------------------------------------------+
```

```Plaintext
MySQL [(none)]> select array_contains_seq([1,2,3,4], [3,2]);
+------------------------------------------+
| array_contains_seq([1, 2, 3, 4], [3, 2]) |
+------------------------------------------+
|                                        0 |
+------------------------------------------+
1 row in set (0.18 sec)
```

```Plaintext
MySQL [(none)]> select array_contains_all([1, 2, NULL, 3, 4], ['a']);
+-----------------------------------------------+
| array_contains_all([1, 2, NULL, 3, 4], ['a']) |
+-----------------------------------------------+
|                                             0 |
+-----------------------------------------------+
1 row in set (0.18 sec)
```

```Plaintext
MySQL [(none)]> select array_contains([1, 2, NULL, 3, 4], 'a');
+-----------------------------------------+
| array_contains([1, 2, NULL, 3, 4], 'a') |
+-----------------------------------------+
|                                       0 |
+-----------------------------------------+
1 row in set (0.18 sec)
```
```Plaintext
MySQL [(none)]> SELECT array_contains([1, 2, 3, 4, NULL], NULL);
+------------------------------------------+
| array_contains([1, 2, 3, 4, NULL], NULL) |
+------------------------------------------+
|                                        1 |
+------------------------------------------+
1 row in set (0.18 sec)
```