---
displayed_sidebar: "Japanese"
---

# array_contains_seq

## 説明

array2のすべての要素がarray1内で同じ順序で出現するかどうかをチェックします。したがって、array1 = prefix + array2 + suffix の場合にのみ、関数は1を返します。 

## 構文

~~~Haskell
BOOLEAN array_contains_all(arr1, arr2)
~~~

## パラメータ

`arr`: 比較する2つの配列。この構文は`arr2`が`arr1`の部分集合であり、同じ順序であるかどうかをチェックします。

2つの配列内の要素のデータ型は同じでなければなりません。StarRocksでサポートされている配列要素のデータ型については、[ARRAY](../../../sql-reference/sql-statements/data-types/Array.md)を参照してください。

## 戻り値

BOOLEAN型の値を返します。

`arr2`が`arr1`の部分集合の場合、1が返されます。それ以外の場合、0が返されます。
値としてNullが処理されます。言い換えると、array_contains_seq([1, 2, NULL, 3, 4], [2,3]) は0を返します。しかし、array_contains_seq([1, 2, NULL, 3, 4], [2,NULL,3]) は1を返します。
両方の配列内の値の順序は重要です。

## 例

BOOLEAN型の値を返します。

```Plaintext
MySQL [(none)]> select array_contains_seq([1,2,3,4], [1,2,3]);
+---------------------------------------------+
| array_contains_seq([1, 2, 3, 4], [1, 2, 3]) |
+---------------------------------------------+
|                                           1 |
+---------------------------------------------+
```

```Plaintext
MySQL [(none)]> select array_contains_seq([1,2,3,4], [3,2]);
+------------------------------------------+
| array_contains_seq([1, 2, 3, 4], [3, 2]) |
+------------------------------------------+
|                                        0 |
+------------------------------------------+
1 row in set (0.18 sec)
```

```Plaintext
MySQL [(none)]> select array_contains_all([1, 2, NULL, 3, 4], ['a']);
+-----------------------------------------------+
| array_contains_all([1, 2, NULL, 3, 4], ['a']) |
+-----------------------------------------------+
|                                             0 |
+-----------------------------------------------+
1 row in set (0.18 sec)
```

```Plaintext
MySQL [(none)]> select array_contains([1, 2, NULL, 3, 4], 'a');
+-----------------------------------------+
| array_contains([1, 2, NULL, 3, 4], 'a') |
+-----------------------------------------+
|                                       0 |
+-----------------------------------------+
1 row in set (0.18 sec)
```
```Plaintext
MySQL [(none)]> SELECT array_contains([1, 2,3,4,null], null);
+------------------------------------------+
| array_contains([1, 2, 3, 4, NULL], NULL) |
+------------------------------------------+
|                                        1 |
+------------------------------------------+
1 row in set (0.18 sec)
```