---
displayed_sidebar: Chinese
---

# map_concat

## 機能

複数の Map を一つの Map に結合します。もし複数の Map に同じ Key のキーバリューペアが存在する場合、この関数は最後に出現したキーバリューペアのみを保持します（LAST WIN 原則）。例えば、`SELECT map_concat(map{1:3},map{1:'4'});` は `{1:"4"}` を返します。

この関数はバージョン 3.1 からサポートされています。

## 文法

```Haskell
ANY_MAP map_concat(any_map0, any_map1...)
```

## パラメータ説明

`any_mapN`: 結合される Map。複数の Map のデータタイプは互換性が必要です。Map のデータタイプが異なる場合、この関数は一般的なタイプ（supertype）を返します。

## 戻り値の説明

すべての結合されたキーと値を含む Map を返します。

## 例

```Plain
mysql> SELECT map_concat(map('a',1,'b',2), map('c',3));
+------------------------------------------+
| map_concat(map{1:'a',2:'b'}, map{3:'c'}) |
+------------------------------------------+
| {3:"c",1:"a",2:"b"}                      |
+------------------------------------------+

mysql> SELECT map_concat(map{1:3},map{'3.323':3});
+----------------------------------+
| map_concat((1, 3), ('3.323', 3)) |
+----------------------------------+
| {"3.323":3,"1":3}                |
+----------------------------------+
1 row in set (0.19 sec)


mysql> SELECT map_concat(map{1:3},map{1:'4', 3:'5',null:null}, null);
+--------------------------------------------------------+
| map_concat((1, 3), (1, '4', 3, '5', NULL, NULL), NULL) |
+--------------------------------------------------------+
| {1:"4",3:"5",null:null}                                |
+--------------------------------------------------------+
1 row in set (0.01 sec)
```
